City_ID,City,Lat,Lng,Max Temp,Humidity,Cloudiness,Wind Speed,Country,Date
0,benguela,-12.5763,13.4055,83.12,68,14,9.1,AO,1674661271
1,port hardy,50.6996,-127.4199,35.78,100,100,2.3,CA,1674661272
2,bichura,50.5881,107.6022,-11.16,96,96,3.87,RU,1674661272
3,avarua,-21.2078,-159.775,73.45,94,30,5.75,CK,1674661273
4,la ronge,55.1001,-105.2842,16.05,79,100,8.05,CA,1674661273
5,nikolskoye,59.7035,30.7861,35.49,97,100,11.86,RU,1674661274
6,alofi,-19.0595,-169.9187,69.69,100,18,1.14,NU,1674661275
7,cascais,38.6979,-9.4215,57.51,42,0,21.99,PT,1674661275
8,albany,42.6001,-73.9662,32.23,80,100,5.03,US,1674661276
9,hamilton,39.1834,-84.5333,39.72,95,100,13.8,US,1674660634
10,redmond,47.674,-122.1215,45.34,92,100,2.04,US,1674661002
11,ushuaia,-54.8,-68.3,56.82,71,100,25.32,AR,1674661277
12,chilca,-12.5211,-76.7372,73.6,77,12,7.49,PE,1674661277
13,pevek,69.7008,170.3133,-17.99,76,39,3.27,RU,1674661278
14,iquitos,-3.7481,-73.2472,80.64,94,75,4.61,PE,1674661278
15,arraial do cabo,-22.9661,-42.0278,82.36,83,75,12.66,BR,1674661279
16,liling,27.6667,113.5,36.99,63,0,4.09,CN,1674661279
17,touros,-5.1989,-35.4608,86.11,54,5,13.44,BR,1674661280
18,ayan,56.45,138.1667,-14.67,73,86,8.68,RU,1674661280
19,luderitz,-26.6481,15.1594,72.79,54,0,27.67,NA,1674661281
20,elko,41.0002,-115.5012,19.42,97,90,2.21,US,1674661281
21,ifo,6.8144,3.1958,91.02,43,30,10.36,NG,1674661282
22,abu samrah,35.3029,37.1841,52.66,61,16,5.68,SY,1674661282
23,punta arenas,-53.15,-70.9167,51.82,53,75,25.32,CL,1674661283
24,port alfred,-33.5906,26.891,70.18,80,100,1.99,ZA,1674661283
25,qaanaaq,77.484,-69.3632,7.09,69,99,6.69,GL,1674661284
26,canton,23.1167,113.25,54.88,39,3,4.18,CN,1674661273
27,san carlos de bariloche,-41.1456,-71.3082,58.24,41,40,20.71,AR,1674661177
28,bocas del toro,9.3333,-82.25,80.83,73,75,8.63,PA,1674661285
29,guajara,-2.9667,-57.6667,77.68,89,100,4.54,BR,1674661285
30,atuona,-9.8,-139.0333,77.81,76,97,14.67,PF,1674661286
31,townsville,-19.25,146.8,79.68,78,40,9.22,AU,1674661286
32,bambous virieux,-20.3428,57.7575,75.45,94,75,4.61,MU,1674661286
33,kingaroy,-26.5333,151.8333,65.89,93,9,0.96,AU,1674661287
34,diffa,13.3154,12.6113,88.57,7,92,10.54,NE,1674661287
35,yellowknife,62.456,-114.3525,-10.44,84,40,3.44,CA,1674661213
36,narsaq,60.9167,-46.05,35.82,92,100,11.61,GL,1674661288
37,ambikapur,23.1167,83.2,65.8,39,58,2.39,IN,1674661288
38,kavieng,-2.5744,150.7967,80.71,77,100,5.12,PG,1674661289
39,barrow,71.2906,-156.7887,-14.78,76,0,18.41,US,1674661289
40,dingle,10.9995,122.6711,73.29,93,100,10.04,PH,1674661289
41,severo-kurilsk,50.6789,156.125,25.36,86,99,13.24,RU,1674661290
42,ust-kan,50.9276,84.761,-5.28,94,85,5.66,RU,1674661290
43,rikitea,-23.1203,-134.9692,78.51,79,93,18.12,PF,1674661291
44,idrinskoye,54.3708,92.1358,4.51,95,100,3.65,RU,1674661291
45,brandfort,-28.7001,26.4597,80.01,50,68,12.8,ZA,1674661291
46,bat yam,32.0231,34.7503,64.51,66,0,10.36,IL,1674661292
47,nouadhibou,20.931,-17.0347,84.18,15,6,16.11,MR,1674661292
48,henties bay,-22.116,14.2845,66.09,78,54,13.02,NA,1674661294
49,felipe carrillo puerto,19.5833,-88.05,85.41,57,34,8.37,MX,1674661295
50,cehegin,38.0924,-1.7985,47.75,47,58,14.25,ES,1674661295
51,zunyi,27.6867,106.9072,37.58,66,0,5.08,CN,1674661296
52,tuktoyaktuk,69.4541,-133.0374,-9.4,84,40,9.22,CA,1674661297
53,mataura,-46.1927,168.8643,49.35,98,98,2.55,NZ,1674661297
54,suixi,33.8907,116.7747,25.74,43,42,5.08,CN,1674661298
55,saint-joseph,-21.3667,55.6167,79.18,91,100,10.54,RE,1674661298
56,bredasdorp,-34.5322,20.0403,70.02,50,0,15.77,ZA,1674661299
57,grand-santi,4.25,-54.3833,85.73,44,20,4.16,GF,1674661299
58,altay,47.8667,88.1167,-10.82,77,48,6.89,CN,1674661300
59,vila franca do campo,37.7167,-25.4333,59.41,73,76,16.08,PT,1674661300
60,te anau,-45.4167,167.7167,49.55,83,94,1.74,NZ,1674661302
61,junction city,39.0286,-96.8314,31.82,85,0,5.99,US,1674661225
62,kapaa,22.0752,-159.319,73.38,85,40,8.05,US,1674661303
63,khatanga,71.9667,102.5,-16.56,85,100,6.89,RU,1674661303
64,upernavik,72.7868,-56.1549,5.7,95,100,11.54,GL,1674661303
65,bethel,41.3712,-73.414,37.49,69,100,0.0,US,1674661304
66,venado tuerto,-33.7456,-61.9688,93.06,27,62,9.04,AR,1674661304
67,ponta do sol,32.6667,-17.1,65.12,49,3,9.04,PT,1674661304
68,saint-philippe,-21.3585,55.7679,80.19,93,100,12.86,RE,1674661305
69,daytona beach,29.2108,-81.0228,79.16,80,40,21.0,US,1674661304
70,bluff,-46.6,168.3333,54.52,89,99,5.66,NZ,1674661305
71,kaeo,-35.1,173.7833,64.06,79,81,10.85,NZ,1674661306
72,villacarrillo,38.1156,-3.0848,45.79,41,37,2.59,ES,1674661307
73,ozernovskiy,51.5,156.5167,28.98,76,100,39.1,RU,1674661307
74,faanui,-16.4833,-151.75,80.96,77,16,19.37,PF,1674661307
75,krasnokamensk,50.0979,118.0369,-39.5,98,34,2.1,RU,1674661308
76,plouzane,48.3833,-4.6167,44.78,76,100,9.22,FR,1674661308
77,dikson,73.5069,80.5464,-0.63,90,100,23.38,RU,1674661309
78,biak,-0.9131,122.8766,75.97,86,100,4.09,ID,1674661310
79,shubarshi,48.5872,57.1869,9.63,95,7,3.24,KZ,1674661310
80,castro,-24.7911,-50.0119,81.43,41,0,2.51,BR,1674661311
81,iquique,-20.2208,-70.1431,77.04,72,76,8.21,CL,1674661176
82,gwadar,25.1216,62.3254,62.83,30,0,20.18,PK,1674661311
83,jamestown,42.097,-79.2353,31.59,97,100,11.5,US,1674661175
84,hobart,-42.8794,147.3294,64.26,72,31,17.27,AU,1674661305
85,yingkou,40.6648,122.2283,18.0,72,70,6.31,CN,1674661312
86,butaritari,3.0707,172.7902,80.91,79,100,20.94,KI,1674661312
87,yulara,-25.2406,130.9889,88.3,18,92,15.28,AU,1674661313
88,fairbanks,64.8378,-147.7164,-4.4,79,20,0.0,US,1674661194
89,yumen,40.2833,97.2,13.87,48,100,24.4,CN,1674661313
90,beisfjord,68.3751,17.5988,33.85,80,100,6.42,NO,1674661313
91,bitung,1.4451,125.1824,76.05,87,98,8.59,ID,1674661314
92,ahipara,-35.1667,173.1667,60.42,87,72,9.06,NZ,1674661314
93,lake havasu city,34.4839,-114.3224,47.1,42,0,5.01,US,1674661315
94,cape town,-33.9258,18.4232,74.1,51,0,24.16,ZA,1674661299
95,kahului,20.8947,-156.47,72.84,90,0,5.01,US,1674661300
96,leighton buzzard,51.9172,-0.658,39.02,97,100,9.22,GB,1674661315
97,merauke,-8.4667,140.3333,79.75,86,100,10.27,ID,1674661316
98,longyearbyen,78.2186,15.6401,15.64,67,40,20.71,SJ,1674661178
99,weihe,32.9952,105.3247,30.0,82,40,3.09,CN,1674661319
100,atasu,48.6814,71.6433,-7.62,99,49,4.5,KZ,1674661319
101,ribeira grande,38.5167,-28.7,62.78,72,75,21.85,PT,1674661319
102,tuatapere,-46.1333,167.6833,50.88,91,96,4.97,NZ,1674661320
103,mbandaka,0.0487,18.2603,88.23,45,93,3.65,CD,1674661320
104,linqiong,30.4159,103.4609,42.62,57,1,2.57,CN,1674661321
105,hofn,64.2539,-15.2082,33.82,51,0,10.36,IS,1674661321
106,tromso,69.6496,18.957,32.02,86,100,9.22,NO,1674661322
107,bourail,-21.5667,165.4833,77.99,89,59,2.04,NC,1674661322
108,leningradskiy,69.3833,178.4167,-21.84,90,4,7.38,RU,1674661323
109,plettenberg bay,-34.0527,23.3716,68.67,59,0,13.4,ZA,1674661323
110,araouane,18.9048,-3.5265,87.46,9,32,9.24,ML,1674661323
111,hazorasp,41.3194,61.0742,28.24,61,100,4.5,UZ,1674661324
112,zyryanovsk,49.7386,84.2719,-0.83,98,100,1.25,KZ,1674661324
113,kaitangata,-46.2817,169.8464,54.28,94,95,2.73,NZ,1674661325
114,zhanaozen,43.3,52.8,27.07,44,0,7.74,KZ,1674661325
115,broome,42.2506,-75.833,30.7,89,100,12.66,US,1674661325
116,saldanha,-33.0117,17.9442,75.25,68,0,26.91,ZA,1674661326
117,klaksvik,62.2266,-6.589,40.12,78,58,34.81,FO,1674661326
118,mahebourg,-20.4081,57.7,75.49,94,75,4.61,MU,1674661326
119,hithadhoo,-0.6,73.0833,81.41,75,92,11.41,MV,1674661327
120,la romana,18.4273,-68.9728,82.76,51,20,6.91,DO,1674661327
121,cherskiy,68.75,161.3,-25.89,94,100,1.5,RU,1674661328
122,new norfolk,-42.7826,147.0587,63.9,64,47,5.01,AU,1674661328
123,vilyuysk,63.7553,121.6247,-46.66,100,100,2.84,RU,1674661328
124,popondetta,-8.7537,148.2534,73.99,98,100,2.28,PG,1674661329
125,ulaangom,49.9811,92.0667,-15.84,84,95,3.56,MN,1674661329
126,santiago,-33.4569,-70.6483,85.17,43,0,6.91,CL,1674661132
127,fortuna,40.5982,-124.1573,38.32,100,0,5.75,US,1674661330
128,tinos,37.5375,25.1634,54.36,62,20,13.8,GR,1674661330
129,pangnirtung,66.1451,-65.7125,-20.2,76,75,10.36,CA,1674661331
130,puerto lopez,4.0845,-72.956,90.77,34,37,14.0,CO,1674661331
131,najran,17.4924,44.1277,81.25,37,0,9.69,SA,1674661260
132,vaini,-21.2,-175.2,75.36,94,20,1.14,TO,1674661332
133,srednekolymsk,67.45,153.6833,-29.99,97,52,4.29,RU,1674661332
134,saint anthony,45.0205,-93.218,28.35,91,100,5.75,US,1674661123
135,nantucket,41.2835,-70.0995,40.08,68,0,4.61,US,1674661105
136,jaswantnagar,26.8786,78.9028,61.05,89,19,6.15,IN,1674661333
137,esperance,-33.8667,121.9,64.67,84,99,12.57,AU,1674661333
138,busselton,-33.65,115.3333,62.64,66,0,11.81,AU,1674661334
139,namibe,-15.1961,12.1522,78.12,75,77,10.69,AO,1674661334
140,chokurdakh,70.6333,147.9167,-19.05,96,100,2.53,RU,1674661334
141,saskylakh,71.9167,114.0833,-25.47,97,100,8.23,RU,1674661335
142,neman,55.0311,22.0264,30.7,85,93,6.64,RU,1674661335
143,nanortalik,60.1432,-45.2371,35.19,91,100,20.11,GL,1674661335
144,paracuru,-3.41,-39.0306,80.11,70,31,10.09,BR,1674661060
145,visnes,59.3556,5.2242,44.65,93,75,12.66,NO,1674661336
146,lebu,-37.6167,-73.65,61.99,60,1,14.32,CL,1674661337
147,mount isa,-20.7333,139.5,80.37,65,98,2.3,AU,1674661337
148,kendari,-3.945,122.4989,77.0,88,82,1.34,ID,1674661337
149,puerto ayora,-0.7393,-90.3518,80.56,88,62,4.0,EC,1674661338
150,hilo,19.7297,-155.09,71.28,81,40,8.05,US,1674661338
151,chuy,-33.6971,-53.4616,87.17,33,16,8.81,UY,1674661340
152,ancud,-41.8697,-73.8203,59.04,70,100,11.48,CL,1674661340
153,tiksi,71.6872,128.8694,-37.66,98,43,4.7,RU,1674661341
154,hermanus,-34.4187,19.2345,75.79,57,0,18.61,ZA,1674661341
155,tura,25.5198,90.2201,63.63,47,21,3.51,IN,1674661212
156,urengoy,65.9667,78.3667,9.16,95,100,13.27,RU,1674661342
157,gongzhuling,43.5008,124.8198,3.13,78,99,4.88,CN,1674661342
158,gondanglegi,-7.7479,112.0132,75.79,90,98,2.55,ID,1674661342
159,saint-louis,16.3333,-15.0,94.64,18,74,7.11,SN,1674661343
160,tasiilaq,65.6145,-37.6368,21.36,95,100,21.12,GL,1674661343
161,airai,-8.9266,125.4092,61.2,96,94,1.88,TL,1674661344
162,port elizabeth,-33.918,25.5701,71.89,62,75,6.91,ZA,1674661116
163,cacoal,-11.4386,-61.4472,75.9,92,96,2.21,BR,1674661344
164,marsa matruh,31.3525,27.2453,64.6,63,0,8.05,EG,1674661345
165,constitucion,-35.3333,-72.4167,68.2,52,0,14.81,CL,1674661345
166,chabua,27.4825,95.1736,62.26,49,5,1.99,IN,1674661346
167,ponce,18.073,-66.6185,82.51,69,31,8.5,PR,1674661346
168,caruray,10.3094,119.0128,77.16,86,85,13.33,PH,1674661346
169,miguel auza,24.2933,-103.4503,47.64,30,3,2.86,MX,1674661347
170,victoria,22.2855,114.1577,59.25,76,3,1.99,HK,1674661307
171,carnarvon,-24.8667,113.6333,77.9,71,6,18.5,AU,1674661347
172,suda,59.1525,37.5582,28.51,93,100,12.84,RU,1674661348
173,xining,36.6167,101.7667,16.57,24,100,3.44,CN,1674661348
174,pirovskoye,57.6267,92.2658,-23.48,100,81,5.01,RU,1674661349
175,praya,14.9215,-23.5087,77.54,53,75,17.27,CV,1674661349
176,ludvika,60.1496,15.1878,41.34,98,100,11.88,SE,1674661350
177,verkhnyaya inta,65.9811,60.3094,16.47,83,100,17.96,RU,1674661350
178,almaznyy,48.0448,40.045,27.0,55,1,9.22,RU,1674661350
179,esperantinopolis,-4.8667,-44.7083,82.99,80,70,3.38,BR,1674661351
180,husavik,66.0449,-17.3389,24.33,82,95,14.99,IS,1674661351
181,mar del plata,-38.0023,-57.5575,75.83,61,0,12.66,AR,1674661351
182,torbay,47.6666,-52.7314,36.27,72,75,21.85,CA,1674661352
183,turuvekere,13.1642,76.6667,68.32,43,13,9.28,IN,1674661352
184,maldonado,-34.6667,-54.9167,83.59,21,32,9.53,UY,1674661353
185,bilma,18.6853,12.9164,85.35,8,85,5.97,NE,1674661353
186,lata,40.1629,-8.3327,57.07,51,0,7.0,PT,1674661354
187,varel,53.3969,8.1362,30.11,88,15,6.82,DE,1674661354
188,finschhafen,-6.6024,147.8681,76.19,93,100,7.23,PG,1674661355
189,soja,34.6667,133.75,24.69,89,23,6.02,JP,1674661355
190,maihar,24.2667,80.75,71.29,45,98,4.94,IN,1674661355
191,aden,12.7794,45.0367,77.07,66,17,15.32,YE,1674661356
192,camden,39.7835,-74.9663,40.93,74,100,1.99,US,1674661356
193,byron bay,-28.65,153.6167,68.94,90,34,4.85,AU,1674661207
194,yar-sale,66.8333,70.8333,0.01,91,84,8.68,RU,1674661357
195,poum,-20.2333,164.0167,82.08,77,13,9.35,NC,1674661357
196,maun,-19.9833,23.4167,93.16,26,40,12.66,BW,1674661357
197,muros,42.7762,-9.0603,57.69,57,3,13.2,ES,1674661358
198,mount gambier,-37.8333,140.7667,59.11,86,41,7.47,AU,1674661358
199,nelson bay,-32.7167,152.15,73.0,97,3,5.99,AU,1674661359
200,iraucuba,-3.7461,-39.7833,83.66,69,52,3.74,BR,1674661359
201,tarbert,55.8628,-5.4162,48.27,79,11,16.87,GB,1674661360
202,helena,46.5927,-112.0361,18.59,92,75,3.44,US,1674661360
203,pringsewu,-5.3582,104.9744,71.8,91,100,0.89,ID,1674661360
204,leshukonskoye,64.8989,45.7622,32.79,97,100,13.65,RU,1674661361
205,mantua,45.1667,10.7833,50.34,72,24,1.99,IT,1674661361
206,sumbe,-11.2061,13.8437,83.19,70,21,10.16,AO,1674661362
207,ketchikan,55.3422,-131.6461,45.07,93,100,17.27,US,1674661362
208,tymovskoye,50.8456,142.655,-3.37,97,100,10.67,RU,1674661363
209,kloulklubed,7.0419,134.2556,77.5,79,100,18.88,PW,1674661363
210,bengkulu,-3.8004,102.2655,75.02,87,96,4.5,ID,1674661363
211,anacortes,48.5126,-122.6127,44.94,96,100,0.0,US,1674661232
212,nabire,-3.3667,135.4833,74.62,92,100,3.78,ID,1674661364
213,tiarei,-17.5333,-149.3333,77.02,80,43,23.0,PF,1674661364
214,morondava,-20.2833,44.2833,77.97,91,100,40.78,MG,1674661365
215,auriflama,-20.6856,-50.5547,87.33,49,2,6.06,BR,1674661365
216,rosetta,31.4044,30.4164,60.33,66,0,8.86,EG,1674661366
217,toamasina,-18.1667,49.3833,77.0,94,75,4.61,MG,1674661347
218,lisakovsk,52.5369,62.4936,4.95,91,51,9.64,KZ,1674661366
219,souillac,-20.5167,57.5167,75.58,94,75,4.61,MU,1674661367
220,geraldton,-28.7667,114.6,72.01,78,0,12.66,AU,1674661368
221,umba,66.6871,34.3429,34.05,100,100,11.45,RU,1674661369
222,ekhabi,53.5102,142.9671,-0.76,93,100,24.4,RU,1674661369
223,kavaratti,10.5669,72.642,79.72,77,100,17.52,IN,1674661369
224,richards bay,-28.783,32.0377,74.25,90,96,16.08,ZA,1674661370
225,fukue,32.6881,128.8419,39.45,57,100,6.46,JP,1674661370
226,broken hill,-31.95,141.4333,71.56,44,0,22.82,AU,1674661371
227,solnechnyy,50.7214,136.6319,-5.91,98,100,3.42,RU,1674661371
228,rio gallegos,-51.6226,-69.2181,64.45,32,40,20.71,AR,1674661372
229,khabary,53.6259,79.5345,16.66,94,100,15.79,RU,1674661372
230,puerto baquerizo moreno,-0.9,-89.6,79.79,83,75,11.5,EC,1674661372
231,muroto,33.2833,134.15,37.94,56,46,9.26,JP,1674661373
232,trairi,-3.2778,-39.2689,82.9,69,25,9.13,BR,1674661196
233,tabuk,17.4189,121.4443,64.98,89,90,2.77,PH,1674661373
234,north platte,41.1239,-100.7654,23.11,84,40,9.22,US,1674661374
235,qui nhon,13.7667,109.2333,67.37,91,99,11.9,VN,1674661374
236,whitehorse,60.7161,-135.0538,36.37,87,20,24.16,CA,1674661234
237,tres lagoas,-20.7511,-51.6783,88.88,50,0,5.73,BR,1674661223
238,cidreira,-30.1811,-50.2056,81.97,72,11,11.79,BR,1674661375
239,longview,32.5007,-94.7405,43.05,85,100,11.5,US,1674661313
240,manono,-7.3,27.4167,72.97,87,100,5.55,CD,1674661375
241,the valley,18.217,-63.0578,82.26,74,20,14.97,AI,1674661376
242,kidal,18.4411,1.4078,91.45,8,86,3.02,ML,1674661376
243,rocha,-34.4833,-54.3333,92.89,20,44,10.67,UY,1674661376
244,bereda,43.2686,-7.5406,48.15,74,11,5.59,ES,1674661377
245,mayo,38.8876,-76.5119,41.11,78,40,12.66,US,1674661377
246,taoudenni,22.6783,-3.9836,83.07,8,13,10.42,ML,1674661378
247,hami,42.8,93.45,13.71,36,29,4.85,CN,1674661378
248,petropavlovsk-kamchatskiy,53.0452,158.6483,27.19,80,100,20.13,RU,1674661107
249,les cayes,18.2,-73.75,81.46,63,20,14.0,HT,1674661379
250,kasongo-lunda,-6.4667,16.8167,79.16,77,100,1.25,CD,1674661379
251,vagur,61.4732,-6.8119,40.66,77,2,31.16,FO,1674661379
252,gorontalo,0.5412,123.0595,74.57,95,45,4.12,ID,1674661380
253,vicksburg,32.3526,-90.8779,44.83,81,96,10.36,US,1674661380
254,ferrol,43.4832,-8.2369,54.57,64,41,14.2,ES,1674661380
255,juneau,58.3019,-134.4197,46.4,94,100,20.71,US,1674661381
256,necochea,-38.5473,-58.7368,76.1,30,0,11.3,AR,1674661382
257,severnyy,50.677,36.5532,26.64,86,0,6.71,RU,1674661382
258,sakakah,29.9697,40.2064,58.57,44,0,9.15,SA,1674661382
259,prudentopolis,-25.2131,-50.9778,90.23,24,0,3.0,BR,1674661383
260,san rafael,-34.6177,-68.3301,79.36,27,0,2.95,AR,1674661135
261,manta,-0.95,-80.7333,87.58,51,75,5.75,EC,1674661384
262,kargasok,59.0556,80.8572,15.73,91,100,12.73,RU,1674661384
263,marsh harbour,26.5412,-77.0636,76.12,79,17,17.0,BS,1674661384
264,dire dawa,9.5931,41.8661,72.45,36,63,7.47,ET,1674661385
265,krasnoborsk,61.5598,45.934,31.37,94,100,16.55,RU,1674661385
266,kozachi laheri,46.7037,32.9776,33.51,72,5,5.97,UA,1674661386
267,aklavik,68.2191,-135.0107,-4.0,84,100,8.05,CA,1674661386
268,bani,18.2833,-70.3333,81.86,49,5,14.09,DO,1674661386
269,kodiak,57.79,-152.4072,36.91,93,100,4.61,US,1674661387
270,asau,46.4333,26.4,27.52,85,98,2.08,RO,1674661387
271,codrington,-38.2667,141.9667,57.0,94,11,7.25,AU,1674661387
272,lobez,53.6392,15.6213,35.51,90,49,6.26,PL,1674661388
273,wayne,42.2506,-83.2833,34.12,95,100,8.05,US,1674661107
274,vicuna,-30.0319,-70.7081,88.77,38,0,9.33,CL,1674661389
275,sao filipe,14.8961,-24.4956,70.38,69,100,4.61,CV,1674661389
276,saint-francois,46.4154,3.9054,36.84,87,100,4.61,FR,1674661390
277,bonham,33.5773,-96.1783,38.68,93,100,8.05,US,1674661391
278,san juan bautista,-14.0108,-75.7358,81.88,52,9,7.99,PE,1674661391
279,deer lake,49.1667,-57.4316,22.86,80,100,12.66,CA,1674661391
280,coihaique,-45.5752,-72.0662,61.41,67,69,15.03,CL,1674661392
281,upata,8.0086,-62.3989,71.19,66,86,4.59,VE,1674661393
282,radishchevo,52.85,47.8833,7.0,93,38,5.41,RU,1674661393
283,zhigansk,66.7697,123.3711,-48.57,96,96,6.8,RU,1674661394
284,mugumu,-1.85,34.7,73.06,45,78,8.55,TZ,1674661394
285,thompson,55.7435,-97.8558,1.56,78,100,4.61,CA,1674661395
286,shumerlya,55.5005,46.4129,12.65,99,73,4.76,RU,1674661395
287,valparaiso,-33.0393,-71.6273,71.01,82,0,10.36,CL,1674661318
288,mehamn,71.0357,27.8492,33.75,80,97,18.41,NO,1674661395
289,mahon,39.8885,4.2658,48.76,87,75,28.77,ES,1674661396
290,pundaguitan,6.3711,126.1689,78.1,83,100,10.78,PH,1674661397
291,kruisfontein,-34.0033,24.7314,68.88,54,3,15.64,ZA,1674661397
292,nikolayevsk-na-amure,53.1406,140.73,-10.34,98,100,6.98,RU,1674661398
293,oktyabrskoye,43.0645,44.7417,26.74,93,100,4.47,RU,1674661398
294,bima,-8.4667,118.7167,76.5,91,96,2.93,ID,1674661399
295,cabra,37.4725,-4.4421,52.66,46,20,6.04,ES,1674661401
296,brcko,44.8728,18.8083,37.76,79,97,3.94,BA,1674661401
297,sergach,55.5308,45.4661,16.3,97,70,7.4,RU,1674661402
298,laguna,38.421,-121.4238,48.02,96,0,0.0,US,1674661402
299,ostrovnoy,68.0531,39.5131,26.67,95,100,8.25,RU,1674661403
300,brae,60.3964,-1.353,45.41,79,53,19.53,GB,1674661403
301,loikaw,19.6742,97.2094,60.87,47,47,4.21,MM,1674661404
302,general roca,-39.0333,-67.5833,81.63,13,7,14.74,AR,1674661404
303,tabou,4.423,-7.3528,82.92,72,91,8.55,CI,1674661405
304,osakarovka,50.565,72.5692,2.82,90,37,11.1,KZ,1674661405
305,paamiut,61.994,-49.6678,34.74,87,100,45.43,GL,1674661406
306,inongo,-1.95,18.2667,79.95,66,57,4.94,CD,1674661406
307,iqaluit,63.7506,-68.5145,-27.31,67,20,13.8,CA,1674661189
308,svetlogorsk,52.6333,29.7333,29.16,80,10,4.34,BY,1674661407
309,raudeberg,61.9875,5.1352,41.67,1,100,9.51,NO,1674661407
310,perth,-31.9333,115.8333,78.04,46,0,12.66,AU,1674661256
311,matara,5.9485,80.5353,74.93,86,32,2.01,LK,1674661408
312,prince rupert,54.3161,-130.3201,48.29,73,100,29.93,CA,1674661202
313,mandali,33.7499,45.5541,56.59,49,0,2.62,IQ,1674661408
314,thai binh,20.45,106.3333,59.31,74,13,7.99,VN,1674661409
315,kormilovka,55.0026,74.1028,14.72,89,100,15.61,RU,1674661409
316,nazare,-13.035,-39.0144,87.15,52,97,2.98,BR,1674661410
317,bandarbeyla,9.4942,50.8122,76.03,69,9,15.88,SO,1674661410
318,berlevag,70.8578,29.0864,33.8,93,40,17.27,NO,1674661410
319,moree,-29.4667,149.85,79.84,29,9,8.61,AU,1674661411
320,cairns,-16.9167,145.7667,77.07,92,100,3.44,AU,1674661411
321,wajima,37.4,136.9,34.48,73,100,19.19,JP,1674661411
322,norman wells,65.282,-126.8329,-11.16,84,40,4.61,CA,1674661412
323,sharya,58.3686,45.5144,22.64,93,100,11.7,RU,1674661412
324,coutances,49.05,-1.4333,41.59,81,46,8.93,FR,1674661413
325,quatre cocos,-20.2078,57.7625,75.31,96,100,17.43,MU,1674661413
326,oga,46.4631,10.347,36.28,84,28,3.33,IT,1674661414
327,mikkeli,61.6886,27.2723,37.51,93,100,6.91,FI,1674661414
328,vardo,70.3705,31.1107,28.38,80,75,20.71,NO,1674661415
329,richmond,37.5538,-77.4603,42.15,80,100,6.91,US,1674660956
330,half moon bay,37.4636,-122.4286,54.75,60,0,6.91,US,1674661320
331,padang,-0.9492,100.3543,77.05,82,100,3.96,ID,1674661415
332,vao,-22.6667,167.4833,79.27,84,0,7.34,NC,1674661416
333,olafsvik,64.8945,-23.7142,39.81,77,100,16.96,IS,1674661416
334,hornepayne,49.2138,-84.7705,5.25,93,97,3.47,CA,1674661416
335,nizhniy kuranakh,58.8353,125.4869,-35.91,99,99,2.73,RU,1674661417
336,karratha,-20.7377,116.8463,86.67,65,3,6.62,AU,1674661417
337,denpasar,-8.65,115.2167,82.06,88,20,9.22,ID,1674661346
338,umm lajj,25.0213,37.2685,73.27,60,0,7.99,SA,1674661418
339,bathsheba,13.2167,-59.5167,81.21,74,75,18.41,BB,1674661418
340,los llanos de aridane,28.6585,-17.9182,62.35,68,75,14.0,ES,1674661419
341,cabo san lucas,22.8909,-109.9124,65.52,62,76,3.38,MX,1674661201
342,east london,-33.0153,27.9116,70.74,73,100,10.36,ZA,1674661420
343,ruwi,23.5996,58.5507,69.49,51,5,14.2,OM,1674661420
344,isangel,-19.55,169.2667,80.01,87,13,6.31,VU,1674661421
345,portland,45.5234,-122.6762,44.64,93,100,3.44,US,1674660702
346,bulawayo,-20.15,28.5833,74.68,40,100,11.72,ZW,1674661422
347,samarai,-10.6167,150.6667,79.75,84,100,6.89,PG,1674661422
348,anadyr,64.75,177.4833,-17.9,69,0,8.95,RU,1674661422
349,keita,14.7551,5.7749,94.3,6,18,9.1,NE,1674661423
350,wenatchee,47.4235,-120.3103,46.78,88,0,5.75,US,1674661331
351,alyangula,-13.8483,136.4192,81.3,78,100,7.54,AU,1674661423
352,glendive,47.1053,-104.7125,31.62,92,100,17.27,US,1674661424
353,camalu,30.85,-116.0667,55.96,39,91,0.43,MX,1674661424
354,mahibadhoo,3.7833,72.9667,79.9,74,51,3.27,MV,1674661424
355,santa rosa,14.3122,121.1114,75.18,78,63,14.81,PH,1674661425
356,usinsk,65.9939,57.5281,16.47,92,100,23.26,RU,1674661425
357,vila velha,-20.3297,-40.2925,76.95,97,100,4.61,BR,1674661425
358,gamba,-2.65,10.0,82.11,74,68,7.7,GA,1674661426
359,laela,-8.5667,32.05,64.45,89,92,2.55,TZ,1674661426
360,craig,40.5153,-107.5464,12.15,85,100,3.44,US,1674661427
361,baruun-urt,46.6806,113.2792,-14.37,90,9,4.81,MN,1674661427
362,flinders,-34.5833,150.8552,70.18,87,0,4.0,AU,1674661428
363,provideniya,64.3833,-173.3,-12.41,89,8,7.78,RU,1674661428
364,tonantins,-2.8731,-67.8022,82.2,79,85,2.48,BR,1674661428
365,kilembe,0.2,30.0,73.54,39,81,1.97,UG,1674661429
366,caravelas,-17.7125,-39.2481,85.84,64,100,10.78,BR,1674661429
367,haines junction,60.7522,-137.5108,29.73,96,83,6.33,CA,1674661430
368,gorom-gorom,14.4439,-0.2361,96.89,8,20,6.26,BF,1674661430
369,labuhan,-6.8844,112.2051,78.24,85,100,10.38,ID,1674661430
370,gebre guracha,9.8,38.4,64.47,21,24,3.58,ET,1674661431
371,sitka,57.0531,-135.33,49.89,81,100,13.8,US,1674661431
372,constantine,36.365,6.6147,40.41,81,100,13.8,DZ,1674661431
373,bahraich,27.5833,81.6,63.3,73,71,6.82,IN,1674661432
374,padilla,3.2204,-76.3139,76.57,66,72,3.62,CO,1674661432
375,garhi yasin,27.9069,68.511,53.62,17,0,7.7,PK,1674661432
376,providencia,28.7167,-111.5833,54.07,37,43,9.93,MX,1674661433
377,bundaberg,-24.85,152.35,73.22,97,23,3.69,AU,1674661433
378,pampa,35.5362,-100.9599,30.56,86,0,10.36,US,1674661160
379,itami,34.7843,135.4013,37.18,74,18,2.3,JP,1674661434
380,beverly hills,34.0736,-118.4004,60.13,57,0,4.61,US,1674661346
381,lavrentiya,65.5833,-171.0,-9.17,92,96,13.13,RU,1674661435
382,salalah,17.0151,54.0924,75.29,64,75,8.05,OM,1674661435
383,itoman,26.1247,127.6694,57.22,65,75,10.36,JP,1674661436
384,clyde river,70.4692,-68.5914,-18.17,76,100,21.85,CA,1674661296
385,gat,31.61,34.7642,63.28,100,0,7.9,IL,1674661436
386,sur,22.5667,59.5289,65.73,54,5,9.62,OM,1674661437
387,senneterre,48.3835,-77.2328,8.92,88,57,5.75,CA,1674661437
388,chopda,21.25,75.3,73.47,38,98,7.38,IN,1674661438
389,qandala,11.472,49.8728,75.38,72,14,9.08,SO,1674661438
390,cabedelo,-6.9811,-34.8339,88.47,58,3,10.2,BR,1674661438
391,sola,-13.8833,167.55,82.17,79,24,17.31,VU,1674661439
392,morant bay,17.8815,-76.4093,84.7,76,63,15.77,JM,1674661439
393,davila,18.4726,120.5763,67.98,80,11,14.92,PH,1674661440
394,ust-maya,60.4167,134.5333,-45.54,98,99,0.27,RU,1674661440
395,qarchi gak,37.04,66.7889,31.71,63,1,6.87,AF,1674661440
396,tocopilla,-22.092,-70.1979,74.16,75,57,7.65,CL,1674661441
397,savannah bight,16.45,-85.85,79.2,79,16,19.22,HN,1674661441
398,ekibastuz,51.6667,75.3667,14.68,80,98,18.7,KZ,1674661362
399,kununurra,-15.7667,128.7333,76.98,94,100,2.3,AU,1674661442
400,itarema,-2.9248,-39.9167,83.07,66,46,9.69,BR,1674661442
401,uberaba,-19.7483,-47.9319,81.18,65,75,4.61,BR,1674661443
402,coquimbo,-29.9533,-71.3436,69.53,73,20,14.97,CL,1674661443
403,zhezkazgan,47.8043,67.7144,-7.83,96,27,3.42,KZ,1674661444
404,catamarca,-28.4696,-65.7852,77.58,63,80,9.53,AR,1674661444
405,stubbekobing,54.8887,12.041,31.01,85,89,11.61,DK,1674661444
406,nyurba,63.2842,118.3319,-51.79,100,100,0.98,RU,1674661445
407,alihe,50.5667,123.7167,-29.07,100,25,2.19,CN,1674661446
408,westport,41.1415,-73.3579,39.88,68,20,5.01,US,1674661446
409,avera,33.194,-82.5271,60.31,92,100,25.5,US,1674661447
410,sistranda,63.7256,8.834,42.76,80,72,24.34,NO,1674661447
411,kingman,35.1894,-114.053,41.74,44,0,8.01,US,1674661448
412,eureka,40.8021,-124.1637,41.58,65,0,5.46,US,1674661448
413,maceio,-9.6658,-35.7353,89.04,45,20,9.22,BR,1674661449
414,aguimes,27.9054,-15.4461,65.66,50,40,20.71,ES,1674661449
415,nadym,65.5333,72.5167,9.34,90,100,11.99,RU,1674661450
416,kiunga,-6.1219,141.2906,70.65,100,100,3.04,PG,1674661450
417,kuryk,43.2,51.65,32.41,32,0,2.48,KZ,1674661450
418,hambantota,6.1241,81.1185,73.74,100,20,3.44,LK,1674661451
419,along,28.1667,94.7667,54.77,63,27,2.06,IN,1674661451
420,verkhnevilyuysk,63.4453,120.3167,-45.67,99,100,0.43,RU,1674661452
421,pisco,-13.7,-76.2167,73.02,83,75,10.36,PE,1674661452
422,cody,44.5263,-109.0565,26.82,46,100,4.61,US,1674661236
423,comodoro rivadavia,-45.8667,-67.5,71.46,26,69,23.02,AR,1674661453
424,alindao,5.0267,21.2088,96.3,15,8,4.21,CF,1674661453
425,westminster,39.8367,-105.0372,27.14,68,100,5.75,US,1674661205
426,baculin,7.4525,126.5842,76.15,94,100,11.81,PH,1674661454
427,sao jose da coroa grande,-8.8978,-35.1478,84.79,51,3,10.4,BR,1674661455
428,sioux lookout,50.1001,-91.917,1.47,85,100,6.91,CA,1674661455
429,lexington,37.9887,-84.4777,50.56,84,100,13.8,US,1674661185
430,port macquarie,-31.4333,152.9167,67.89,92,8,3.71,AU,1674661456
431,georgetown,5.4112,100.3354,79.95,73,20,5.75,MY,1674661456
432,fare,-16.7,-151.0167,80.96,77,8,19.93,PF,1674661457
433,kyra,49.5776,111.9753,-14.82,89,18,5.93,RU,1674661457
434,turbat,26.0023,63.044,56.01,21,0,18.21,PK,1674661458
435,ayagoz,47.9714,80.4392,-9.8,100,95,4.29,KZ,1674661459
436,marang,5.2056,103.2059,80.51,82,100,13.76,MY,1674661460
437,san patricio,28.017,-97.5169,50.92,50,0,16.44,US,1674661461
438,bokaa,-24.45,26.0167,93.69,21,40,14.97,BW,1674661462
439,nioki,-2.7167,17.6833,83.66,63,79,2.53,CD,1674661462
440,cayenne,4.9333,-52.3333,84.24,58,40,12.66,GF,1674661456
441,tilichiki,60.4667,166.1,7.7,66,21,17.18,RU,1674661463
442,nuuk,64.1835,-51.7216,32.95,95,99,41.81,GL,1674661280
443,katsuura,35.1333,140.3,33.46,44,10,7.09,JP,1674661464
444,skibbereen,51.55,-9.2667,51.12,88,100,9.48,IE,1674661465
445,port moresby,-9.4431,147.1797,74.62,94,20,4.61,PG,1674661465
446,sembe,1.6481,14.5806,94.5,24,81,1.48,CG,1674661465
447,cap malheureux,-19.9842,57.6142,74.46,83,100,3.0,MU,1674661466
448,nagapattinam,10.7667,79.8333,74.55,76,1,10.49,IN,1674661466
449,moose factory,51.2585,-80.6094,-13.0,84,100,0.0,CA,1674661467
450,belis,46.65,23.0333,24.49,76,3,1.59,RO,1674661467
451,corrente,-3.7367,-43.3394,81.9,79,86,3.58,BR,1674661468
452,pampierstad,-27.7832,24.6877,88.2,25,94,14.36,ZA,1674661468
453,shache,38.4167,77.2406,10.8,93,87,3.98,CN,1674661469
454,khorixas,-20.3667,14.9667,85.95,31,36,11.97,NA,1674661469
455,novoagansk,61.9449,76.6625,13.69,94,100,13.42,RU,1674661469
456,den helder,52.9599,4.7593,40.98,84,100,13.0,NL,1674661375
457,guerrero negro,27.9769,-114.0611,55.35,36,77,2.91,MX,1674661470
458,hervey bay,-25.2986,152.8535,76.48,79,19,4.47,AU,1674661471
459,pryazha,61.6926,33.6216,33.03,97,100,14.67,RU,1674661471
460,lasa,46.6166,10.7002,43.68,81,40,3.71,IT,1674661472
461,nome,64.5011,-165.4064,-9.33,59,0,11.5,US,1674661472
462,roma,43.2128,-75.4557,31.82,88,100,5.75,US,1674661472
463,zhangye,38.9342,100.4517,8.89,61,68,2.3,CN,1674661473
464,lengshuijiang,27.6881,111.4294,39.56,38,0,1.12,CN,1674661474
465,marshfield,44.6689,-90.1718,26.65,93,100,5.75,US,1674661474
466,pangkalanbuun,-2.6833,111.6167,73.71,97,100,1.61,ID,1674661475
467,pesnica pri mariboru,46.6069,15.6767,37.13,93,100,5.75,SI,1674661475
468,el alto,-4.2714,-81.2147,82.06,59,72,9.17,PE,1674661475
469,yamada,39.4667,141.95,24.98,59,17,26.35,JP,1674661476
470,rasskazovo,52.6714,41.9033,16.93,91,5,5.97,RU,1674661476
471,kedrovyy,56.1667,91.8167,-8.14,99,82,4.9,RU,1674661476
472,catarina,14.85,-92.0833,90.32,45,2,5.53,GT,1674661477
473,zaysan,47.4667,84.8667,-3.59,83,60,4.21,KZ,1674661477
474,selma,36.5708,-119.6121,35.85,100,0,4.61,US,1674661478
475,waipawa,-41.4122,175.5153,53.64,91,14,5.84,NZ,1674661478
476,dunedin,-45.8742,170.5036,60.8,90,88,2.33,NZ,1674661433
477,rapid valley,44.0625,-103.1463,29.62,77,100,13.8,US,1674661479
478,tambopata,-12.7333,-69.1833,80.49,83,75,4.61,PE,1674661479
479,kill,52.1761,-7.335,48.81,90,40,8.05,IE,1674661480
480,isiro,2.7739,27.616,79.48,40,88,2.51,CD,1674661480
481,bako,5.7833,36.5667,76.15,36,29,1.23,ET,1674661481
482,vanavara,60.34,102.2797,-24.11,99,100,4.03,RU,1674661481
483,faya,18.3851,42.4509,59.11,71,17,5.93,SA,1674661482
484,katubao,5.8892,124.8294,78.73,77,100,4.07,PH,1674661482
485,chernyshevskiy,63.0128,112.4714,-50.33,100,86,1.16,RU,1674661483
486,beni,0.5,29.4667,78.89,34,48,2.98,CD,1674661483
487,san mateo ixtatan,15.8319,-91.4781,62.55,36,1,3.58,GT,1674661483
488,islamkot,24.6997,70.177,57.96,11,3,11.74,PK,1674661484
489,calbuco,-41.768,-73.1273,61.81,59,100,4.38,CL,1674661484
490,biryusinsk,55.9634,97.8235,-2.38,97,89,4.41,RU,1674661484
491,erzin,36.9559,36.2,53.02,53,2,4.45,TR,1674661485
492,bara,10.3744,10.7288,95.88,8,61,10.27,NG,1674661486
493,salinopolis,-0.6136,-47.3561,78.73,84,100,7.54,BR,1674661487
494,ann arbor,42.2776,-83.7409,33.19,86,100,11.5,US,1674660732
495,taltal,-25.4,-70.4833,73.2,72,3,6.2,CL,1674661487
496,kamphaeng phet,16.25,99.5,68.65,54,7,6.13,TH,1674661488
497,hobyo,5.3505,48.5268,76.77,69,5,19.82,SO,1674661488
498,mafinga,-7.25,35.0667,74.23,70,86,3.83,TZ,1674661488
499,san cristobal,7.7669,-72.225,73.58,45,83,7.18,VE,1674661489
500,prudy,57.5738,46.2718,22.06,95,100,11.63,RU,1674661489
501,port hedland,-20.3167,118.5667,86.05,74,24,10.36,AU,1674661489
502,ishigaki,24.3448,124.1572,59.13,72,75,10.36,JP,1674661490
503,middlebury,44.0153,-73.1673,28.0,73,100,0.0,US,1674661491
504,saint-pierre,-21.3393,55.4781,80.28,78,100,3.44,RE,1674661491
505,paita,-5.0892,-81.1144,77.16,64,51,7.54,PE,1674661491
506,gretna,29.9147,-90.054,54.0,75,75,23.02,US,1674661492
507,mani,4.8172,-72.2886,90.95,33,56,15.05,CO,1674661492
508,tarauaca,-8.1614,-70.7656,81.95,68,98,4.12,BR,1674661492
509,pitimbu,-7.4706,-34.8086,88.39,55,3,9.73,BR,1674661493
510,qaqortoq,60.7167,-46.0333,35.51,86,100,25.41,GL,1674661493
511,lagoa,39.05,-27.9833,58.26,76,63,20.11,PT,1674661378
512,port-gentil,-0.7193,8.7815,84.16,79,40,11.5,GA,1674661494
513,batagay,67.6333,134.6333,-50.4,97,95,1.74,RU,1674661494
514,kunming,25.0389,102.7183,51.73,54,0,17.9,CN,1674661495
515,montbrison,45.6667,4.0833,35.94,95,100,4.21,FR,1674661495
516,sfantu gheorghe,45.8667,25.7833,29.93,72,17,4.32,RO,1674661495
517,fortuna foothills,32.6578,-114.4119,42.85,40,0,11.5,US,1674661496
518,conselheiro pena,-19.1722,-41.4722,83.77,79,92,2.26,BR,1674661496
519,walvis bay,-22.9575,14.5053,67.08,70,68,15.03,NA,1674661497
520,port augusta,-32.5,137.7667,68.72,58,2,14.79,AU,1674661497
521,elat,29.5581,34.9482,71.44,33,0,18.41,IL,1674661497
522,vestmanna,62.1564,-7.1664,38.32,81,100,23.02,FO,1674661498
523,margate,51.3813,1.3862,36.9,89,16,11.01,GB,1674661498
524,udachnyy,66.4167,112.4,-45.04,100,87,4.7,RU,1674661499
525,stephenville,32.2207,-98.2023,39.33,78,0,13.8,US,1674661499
526,charters towers,-20.1,146.2667,72.93,83,43,8.95,AU,1674661500
527,port lincoln,-34.7333,135.8667,62.1,84,30,7.65,AU,1674661500
528,bocana de paiwas,12.7857,-85.1227,78.98,76,86,12.75,NI,1674661501
529,poronaysk,49.2167,143.1167,15.75,71,100,25.99,RU,1674661501
530,puerto suarez,-18.95,-57.8,90.16,55,75,5.75,BO,1674661502
531,mushie,-3.0167,16.9,82.22,70,92,2.91,CD,1674661502
532,nicoya,10.1483,-85.452,87.84,50,96,8.63,CR,1674661503
533,saint george,37.1041,-113.5841,27.19,80,0,0.0,US,1674661405
534,sovetskiy,61.3614,63.5842,10.04,90,45,7.96,RU,1674661504
535,la baule-escoublac,47.2922,-2.364,37.06,86,100,4.61,FR,1674661504
536,oksbol,55.6268,8.2876,40.91,94,100,15.26,DK,1674661505
537,thinadhoo,0.5333,72.9333,81.03,75,52,10.25,MV,1674661505
538,doda,33.1333,75.5667,45.03,97,99,2.77,IN,1674661506
539,myitkyina,25.3833,97.4,59.61,56,0,2.62,MM,1674661506
540,goba,7.0167,39.9833,57.33,48,25,3.22,ET,1674661507
541,hailar,49.2,119.7,-34.47,100,77,5.1,CN,1674661507
542,deputatskiy,69.3,139.9,-38.79,98,100,1.86,RU,1674661507
543,jiupu,41.0667,122.95,13.62,76,91,6.93,CN,1674661508
544,da nang,16.0678,108.2208,62.58,88,40,3.44,VN,1674661509
545,polonnaruwa,7.9333,81.0,70.72,89,96,2.01,LK,1674661509
546,inhambane,-23.865,35.3833,85.98,62,40,16.11,MZ,1674661510
547,buta,2.7858,24.73,90.68,27,22,2.24,CD,1674661510
548,nguruka,-5.1092,31.0419,69.94,87,63,3.69,TZ,1674661511
549,teguise,29.0605,-13.564,62.82,55,40,20.71,ES,1674661512
550,shingu,33.7333,135.9833,29.93,75,33,5.7,JP,1674661512
551,eucaliptus,-17.5833,-67.5167,61.02,33,97,4.23,BO,1674661512
552,sydney,-33.8679,151.2073,71.71,89,2,1.01,AU,1674661417
553,north bend,43.4065,-124.2243,37.85,100,0,0.0,US,1674661513
554,lewistown,40.5992,-77.5714,33.21,86,100,9.22,US,1674661130
